Longitude,Latitude,Pixel,Scan
68.7780735,55.195843,0,0
68.9978735,55.1941618,50,0
69.2175433,55.1920639,100,0
69.4371371,55.1895492,150,0
69.656709,55.1866173,200,0
69.8719207,55.1833385,249,0
68.7759389,55.0601061,0,50
68.995103,55.0584285,50,50
69.2141373,55.0563358,100,50
69.433096,55.0538279,150,50
69.6520332,55.0509044,200,50
69.8666231,55.0476353,249,50
68.7737865,54.9243633,0,100
68.9923203,54.922688,50,100
69.2107247,54.9205991,100,100
69.4290539,54.9180967,150,100
69.6473617,54.9151801,200,100
69.8613349,54.9119193,249,100
68.7716416,54.788597,0,150
68.9895506,54.786923,50,150
69.2073306,54.784837,100,150
69.4250355,54.782339,150,150
69.6427194,54.7794284,200,150
69.8560812,54.7761749,249,150
68.7696241,54.6528966,0,200
68.9869131,54.6512272,50,200
69.2040736,54.6491473,100,200
69.4211598,54.6466569,150,200
69.6382255,54.6437555,200,200
69.850982,54.6405126,249,200
68.7674706,54.5171529,0,250
68.9841456,54.5154837,50,250
69.2006925,54.5134055,100,250
69.4171652,54.5109184,150,250
69.6336174,54.5080218,200,250
69.8457726,54.5047851,249,250
68.76543,54.3814508,0,300
68.9814957,54.3797852,50,300
69.1974339,54.3777122,100,300
69.4132984,54.3752316,150,300
69.6291428,54.3723432,200,300
69.8407027,54.3691158,249,300
68.7634188,54.24578,0,350
68.9788803,54.2441185,50,350
69.194215,54.2420511,100,350
69.4094764,54.2395777,150,350
69.6247183,54.2366979,200,350
69.8356881,54.2334805,249,350
68.761159,54.1100585,0,400
68.9760232,54.1083974,50,400
69.1907603,54.106332,100,400
69.4054238,54.103862,150,400
69.6200673,54.1009872,200,400
69.8304501,54.0977761,249,400
68.7589651,53.9743437,0,450
68.9732367,53.9726827,50,450
69.187381,53.9706187,100,450
69.4014516,53.9681518,150,450
69.615502,53.9652814,200,450
69.8253033,53.9620763,249,450
68.7570738,53.8387112,0,500
68.9707558,53.8370549,50,500
69.1843115,53.8349972,100,500
69.3977944,53.832538,150,500
69.6112577,53.8296769,200,500
69.8204842,53.8264822,249,500
68.7551151,53.7030287,0,550
68.9682132,53.7013758,50,550
69.1811855,53.6993231,100,550
69.3940854,53.6968703,150,550
69.6069664,53.6940171,200,550
69.8156226,53.6908316,249,550
68.7530723,53.5672968,0,600
68.9655918,53.565644,50,600
69.1779859,53.5635927,100,600
69.3903078,53.5611429,150,600
69.6026109,53.5582941,200,600
69.8107009,53.5551144,249,600
68.7511621,53.4316597,0,650
68.9631072,53.4300107,50,650
69.1749275,53.4279648,100,650
69.3866764,53.4255217,150,650
69.5984069,53.4226811,200,650
69.8059362,53.4195109,249,650
68.749176,53.2960086,0,700
68.960552,53.2943618,50,700
69.1718036,53.2923194,100,700
69.3829842,53.2898814,150,700
69.5941466,53.2870474,200,700
69.8011193,53.2838849,249,700
68.7472741,53.1604554,0,750
68.9580852,53.1588095,50,750
69.1687726,53.1567695,100,750
69.3793894,53.1543353,150,750
69.5899887,53.1515065,200,750
69.7964099,53.1483506,249,750
68.7453127,53.0248806,0,800
68.9555641,53.0232362,50,800
69.1656922,53.0211992,100,800
69.3757501,53.0187695,150,800
69.5857906,53.0159466,200,800
69.7916645,53.0127978,249,800
68.7434043,52.8892675,0,850
68.9531005,52.8876274,50,850
69.162674,52.8855961,100,850
69.3721776,52.8831736,150,850
69.5816643,52.8803593,200,850
69.7869957,52.8772203,249,850
68.7413734,52.7535258,0,900
68.9505197,52.7518839,50,900
69.1595434,52.7498522,100,900
69.3684974,52.7474307,150,900
69.5774343,52.7446188,200,900
69.7822269,52.7414836,249,900
68.7394557,52.6178931,0,950
68.948056,52.6162536,50,950
69.1565343,52.6142257,100,950
69.3649431,52.6118093,150,950
69.5733353,52.6090041,200,950
69.7775941,52.6058767,249,950
68.737486,52.4822481,0,1000
68.9455454,52.4806102,50,1000
69.1534829,52.4785853,100,1000
69.3613511,52.4761733,150,1000
69.5692027,52.4733739,200,1000
69.7729318,52.4702536,249,1000
68.7355822,52.3466442,0,1050
68.9431046,52.3450086,50,1050
69.1505056,52.3429875,100,1050
69.3578376,52.3405808,150,1050
69.5651533,52.3377879,200,1050
69.7683574,52.3346754,249,1050
68.7336979,52.2110493,0,1100
68.9406878,52.2094168,50,1100
69.1475566,52.2074001,100,1100
69.3543569,52.2049991,150,1100
69.5611411,52.2022135,200,1100
69.7638245,52.1991094,249,1100
68.7318157,52.0755005,0,1150
68.9382773,52.0738709,50,1150
69.1446184,52.0718585,100,1150
69.3508912,52.0694632,150,1150
69.5571482,52.0666846,200,1150
69.7593152,52.0635888,249,1150
68.7299347,51.9399124,0,1200
68.9358725,51.938285,50,1200
69.1416901,51.9362762,100,1200
69.3474398,51.9338859,150,1200
69.5531739,51.9311136,200,1200
69.7548286,51.9280254,249,1200
68.7280138,51.8042644,0,1250
68.9334325,51.8026373,50,1250
69.138731,51.8006301,100,1250
69.3439619,51.7982429,150,1250
69.5491772,51.795475,200,1250
69.7503234,51.7923924,249,1250
68.7261842,51.6687045,0,1300
68.9310872,51.6670804,50,1300
69.1358707,51.6650776,100,1300
69.3405869,51.662696,150,1300
69.5452879,51.6599352,200,1300
69.7459303,51.6568608,249,1300
68.7242872,51.533113,0,1350
68.9286794,51.5314893,50,1350
69.1329523,51.5294881,100,1350
69.3371579,51.5271096,150,1350
69.5413485,51.5243532,200,1350
69.7414907,51.5212845,249,1350
68.7224801,51.3975697,0,1400
68.9263649,51.3959481,50,1400
69.130131,51.3939507,100,1400
69.3338302,51.3915771,150,1400
69.5375147,51.388827,200,1400
69.7371613,51.3857658,249,1400
68.7206474,51.2620338,0,1450
68.9240293,51.2604147,50,1450
69.1272928,51.2584209,100,1450
69.3304897,51.2560525,150,1450
69.5336722,51.2533088,200,1450
69.7328268,51.2502552,249,1450
68.7187647,51.1264375,0,1500
68.921648,51.1248174,50,1500
69.1244131,51.1228239,100,1500
69.3271118,51.1204571,150,1500
69.5297959,51.1177164,200,1500
69.7284623,51.114667,249,1500
68.7169646,50.9909457,0,1550
68.9193529,50.9893298,50,1550
69.1216234,50.987342,100,1550
69.3238279,50.9849821,150,1550
69.5260181,50.9822496,200,1550
69.7242005,50.9792096,249,1550
68.7151543,50.8554137,0,1600
68.9170517,50.8537988,50,1600
69.1188316,50.8518132,100,1600
69.3205457,50.8494569,150,1600
69.5222458,50.8467294,200,1600
69.7199481,50.8436955,249,1600
68.7133823,50.719911,0,1650
68.9147925,50.718299,50,1650
69.1160857,50.7163176,100,1650
69.3173134,50.7139668,150,1650
69.5185274,50.7112461,200,1650
69.7157535,50.7082201,249,1650
68.7115207,50.584327,0,1700
68.9124482,50.5827139,50,1700
69.1132588,50.5807329,100,1700
69.314004,50.5783837,150,1700
69.5147354,50.5756659,200,1700
69.7114886,50.5726441,249,1700
68.7097332,50.4488322,0,1750
68.9101814,50.447221,50,1750
69.1105131,50.4452431,100,1750
69.3107796,50.4428984,150,1750
69.5110326,50.4401865,200,1750
69.7073169,50.4371716,249,1750
68.7079553,50.3133321,0,1800
68.9079281,50.3117228,50,1800
69.1077846,50.309748,100,1800
69.3075763,50.3074078,150,1800
69.5073546,50.3047016,200,1800
69.7031739,50.3016936,249,1800
68.7062116,50.1778331,0,1850
68.9057125,50.1762265,50,1850
69.1050975,50.1742557,100,1850
69.3044181,50.1719207,150,1850
69.5037256,50.169221,200,1850
69.6990837,50.1662207,249,1850
68.7044707,50.0423642,0,1900
68.9035035,50.0407589,50,1900
69.1024208,50.0387906,100,1900
69.3012739,50.0364595,150,1900
69.5001143,50.033765,200,1900
69.6950147,50.030771,249,1900
68.7027279,49.9068806,0,1950
68.9012963,49.9052761,50,1950
69.0997496,49.9033101,100,1950
69.298139,49.9009824,150,1950
69.4965158,49.8982927,200,1950
69.6909622,49.8953046,249,1950
68.701023,49.77142,0,2000
68.8991306,49.7698184,50,2000
69.0971234,49.7678566,100,2000
69.2950528,49.7655344,150,2000
69.4929699,49.7628514,200,2000
69.686966,49.7598711,249,2000
68.6992091,49.6358869,0,2050
68.8968601,49.6342843,50,2050
69.0943965,49.6323226,100,2050
69.2918694,49.6300019,150,2050
69.48933,49.6273216,200,2050
69.6828786,49.6243452,249,2050
68.6975025,49.5004652,0,2100
68.8946999,49.4988642,50,2100
69.0917831,49.4969055,100,2100
69.2888031,49.4945889,150,2100
69.485811,49.491914,200,2100
69.6789161,49.4889442,249,2100
68.6958044,49.3650384,0,2150
68.8925518,49.3634398,50,2150
69.0891853,49.3614846,100,2150
69.2857559,49.3591728,150,2150
69.4823147,49.356504,200,2150
69.67498,49.3535413,249,2150
68.6940316,49.2295327,0,2200
68.8903329,49.2279337,50,2200
69.0865205,49.2259793,100,2200
69.2826454,49.2236697,150,2200
69.4787584,49.2210042,200,2200
69.6709866,49.218046,249,2200
68.6923505,49.0941113,0,2250
68.8882088,49.0925156,50,2250
69.0839537,49.090566,100,2250
69.2796363,49.0882623,150,2250
69.4753072,49.085604,200,2250
69.6671024,49.0826541,249,2250
68.6906117,48.9586475,0,2300
68.8860308,48.957052,50,2300
69.0813367,48.9551038,100,2300
69.2765803,48.9528027,150,2300
69.4718123,48.9501482,200,2300
69.6631774,48.9472033,249,2300
68.6889487,48.8232586,0,2350
68.8839315,48.8216656,50,2350
69.0788015,48.8197209,100,2350
69.2736096,48.8174247,150,2350
69.4684063,48.8147764,200,2350
69.6593451,48.8118386,249,2350
68.6872386,48.6877894,0,2400
68.8817889,48.6861953,50,2400
69.0762267,48.6842509,100,2400
69.2706026,48.6819561,150,2400
69.4649673,48.6793104,200,2400
69.6554826,48.6763764,249,2400
68.6855055,48.5523517,0,2450
68.8796268,48.5507561,50,2450
69.0736356,48.5488114,100,2450
69.2675827,48.5465175,150,2450
69.4615186,48.543874,200,2450
69.6516136,48.5409433,249,2450
68.6838519,48.416977,0,2500
68.877547,48.415384,50,2500
69.0711301,48.4134431,100,2500
69.2646516,48.4111542,150,2500
69.4581622,48.408517,200,2500
69.6478406,48.4055936,249,2500
68.6821951,48.2815876,0,2550
68.8754674,48.2799973,50,2550
69.068628,48.2780604,100,2550
69.2617274,48.2757767,150,2550
69.4548159,48.2731458,200,2550
69.6440808,48.2702299,249,2550
68.6805626,48.1461868,0,2600
68.8734153,48.1445981,50,2600
69.0661566,48.1426639,100,2600
69.258837,48.1403842,150,2600
69.4515068,48.1377585,200,2600
69.6403616,48.1348488,249,2600
68.6788948,48.0108026,0,2650
68.8713313,48.0092151,50,2650
69.0636567,48.0072835,100,2650
69.2559213,48.0050075,150,2650
69.4481755,48.0023867,200,2650
69.6366229,47.999483,249,2650
68.6772008,47.8753957,0,2700
68.8692246,47.8738087,50,2700
69.0611373,47.8718787,100,2700
69.2529894,47.8696055,150,2700
69.444831,47.8669888,200,2700
69.6328741,47.8640901,249,2700
68.6755834,47.740028,0,2750
68.8671971,47.7384433,50,2750
69.0587001,47.7365168,100,2750
69.2501428,47.7342483,150,2750
69.4415752,47.7316375,200,2750
69.6292174,47.7287458,249,2750
68.6739279,47.6046597,0,2800
68.865135,47.6030755,50,2800
69.0562316,47.6011506,100,2800
69.2472679,47.5988849,150,2800
69.438294,47.596278,200,2800
69.6255382,47.5933914,249,2800
68.6723541,47.4693845,0,2850
68.8631571,47.4678037,50,2850
69.05385,47.4658834,100,2850
69.2444831,47.4636235,150,2850
69.4351063,47.4610236,200,2850
69.6219558,47.4581449,249,2850
68.6706531,47.3339619,0,2900
68.861056,47.3323794,50,2900
69.0513489,47.3304586,100,2900
69.2415818,47.3281994,150,2900
69.4318048,47.3256013,200,2900
69.6182619,47.3227256,249,2900
68.6690638,47.1986163,0,2950
68.859069,47.1970358,50,2950
69.0489645,47.1951183,100,2950
69.2388003,47.1928634,150,2950
69.4286265,47.1902709,200,2950
69.6146948,47.1874018,249,2950
68.6674347,47.0632692,0,3000
68.8570454,47.0616883,50,3000
69.0465466,47.0597715,100,3000
69.2359884,47.0575186,150,3000
69.4254204,47.0549291,200,3000
69.6111026,47.0520642,249,3000
68.6658496,46.9279438,0,3050
68.8550686,46.9263645,50,3050
69.0441785,46.9244503,100,3050
69.2332291,46.9222013,150,3050
69.4222703,46.9196169,200,3050
69.6075695,46.916758,249,3050
68.6642734,46.7926335,0,3100
68.8531036,46.7910555,50,3100
69.0418251,46.7891439,100,3100
69.2304875,46.7868985,150,3100
69.4191407,46.7843189,200,3100
69.6040598,46.7814659,249,3100
68.6626913,46.6572983,0,3150
68.8511359,46.6557214,50,3150
69.0394719,46.6538121,100,3150
69.2277491,46.6515701,150,3150
69.4160172,46.6489951,200,3150
69.6005592,46.6461477,249,3150
68.66113,46.521987,0,3200
68.8491916,46.520412,50,3200
69.037145,46.5185057,100,3200
69.2250399,46.5162679,150,3200
69.4129259,46.5136983,200,3200
69.5970936,46.5108572,249,3200
68.6595799,46.3866988,0,3250
68.8472614,46.3851253,50,3250
69.034835,46.3832216,100,3250
69.2223504,46.3809876,150,3250
69.4098572,46.3784229,200,3250
69.5936534,46.3755877,249,3250
68.6580116,46.251399,0,3300
68.845316,46.2498259,50,3300
69.0325128,46.2479238,100,3300
69.2196516,46.2456926,150,3300
69.406782,46.2431318,200,3300
69.5902093,46.2403015,249,3300
68.6564787,46.116112,0,3350
68.8434087,46.1145401,50,3350
69.0302314,46.1126404,100,3350
69.2169964,46.1104126,150,3350
69.4037532,46.1078563,200,3350
69.5868146,46.1050317,249,3350
68.6548677,45.9807966,0,3400
68.8414266,45.9792245,50,3400
69.0278783,45.9773257,100,3400
69.2142723,45.9751,150,3400
69.4006581,45.972547,200,3400
69.5833559,45.9697266,249,3400
68.6532758,45.8454829,0,3450
68.8394663,45.8439096,50,3450
69.0255497,45.8420107,100,3450
69.2115755,45.839786,150,3450
69.3975932,45.8372351,200,3450
69.5799301,45.8344179,249,3450
68.6517638,45.7102472,0,3500
68.8375882,45.7086778,50,3500
69.0233059,45.7067839,100,3500
69.2089662,45.7045654,150,3500
69.3946187,45.7020218,200,3500
69.5765979,45.6992128,249,3500
68.6502403,45.5749951,0,3550
68.8357013,45.5734262,50,3550
69.021056,45.571534,100,3550
69.2063536,45.5693183,150,3550
69.3916434,45.5667786,200,3550
69.5732675,45.5639746,249,3550
68.648656,45.4397285,0,3600
68.8337569,45.4381596,50,3600
69.0187515,45.4362685,100,3600
69.2036891,45.434055,150,3600
69.3886189,45.4315186,200,3600
69.56989,45.428719,249,3600
68.6470758,45.3044366,0,3650
68.8318192,45.3028673,50,3650
69.0164565,45.3009768,100,3650
69.2010367,45.2987651,150,3650
69.3856092,45.2962316,200,3650
69.56653,45.2934358,249,3650
68.6456104,45.1692279,0,3700
68.8299983,45.1676609,50,3700
69.0142804,45.1657737,100,3700
69.1985059,45.1635664,150,3700
69.382724,45.1610385,200,3700
69.5632978,45.1582492,249,3700
68.6440248,45.0339402,0,3750
68.8280606,45.0323713,50,3750
69.0119907,45.0304835,100,3750
69.1958642,45.0282766,150,3750
69.3797301,45.0257501,200,3750
69.5599588,45.0229634,249,3750
68.6425419,44.8987476,0,3800
68.8262275,44.8971802,50,3800
69.0098078,44.8952951,100,3800
69.1933318,44.893092,150,3800
69.3768485,44.8905704,200,3800
69.556735,44.8877895,249,3800
68.6411041,44.7636304,0,3850
68.8244419,44.7620681,50,3850
69.0076748,44.760189,100,3850
69.1908518,44.7579931,150,3850
69.3740219,44.7554799,200,3850
69.5535691,44.7527082,249,3850
68.6395564,44.6283828,0,3900
68.8225497,44.6268195,50,3900
69.0054382,44.6249405,100,3900
69.188271,44.6227458,150,3900
69.3710968,44.6202348,200,3900
69.5503065,44.6174664,249,3900
68.638008,44.4931294,0,3950
68.8206596,44.491566,50,3950
69.0032063,44.489688,100,3950
69.1856973,44.4874953,150,3950
69.3681814,44.4849874,200,3950
69.5470561,44.4822232,249,3950
68.6364984,44.3579078,0,4000
68.8188103,44.3563445,50,4000
69.0010177,44.3544678,100,4000
69.1831695,44.3522775,150,4000
69.3653144,44.3497732,200,4000
69.5438568,44.3470134,249,4000
68.63496,44.2226375,0,4050
68.8169351,44.2210724,50,4050
68.9988058,44.2191948,100,4050
69.1806209,44.2170048,150,4050
69.3624291,44.2145017,200,4050
69.5406414,44.2117442,249,4050
68.6335166,44.0875021,0,4100
68.8151567,44.0859395,50,4100
68.9966927,44.0840656,100,4100
69.1781734,44.0818802,150,4100
69.3596476,44.079383,200,4100
69.5375328,44.0766322,249,4100
68.6320134,43.9522978,0,4150
68.8133215,43.9507359,50,4150
68.9945256,43.9488638,100,4150
69.1756746,43.9466813,150,4150
69.356817,43.9441879,200,4150
69.5343771,43.9414421,249,4150
68.6305418,43.8171333,0,4200
68.81152,43.8155724,50,4200
68.9923946,43.8137024,100,4200
69.1732141,43.8115231,150,4200
69.3540273,43.809034,200,4200
69.5312649,43.8062934,249,4200
68.6290664,43.6819475,0,4250
68.8097173,43.6803865,50,4250
68.9902647,43.6785174,100,4250
69.1707573,43.67634,150,4250
69.3512437,43.673854,200,4250
69.528161,43.6711173,249,4250
68.6276232,43.5467911,0,4300
68.807949,43.5452317,50,4300
68.9881716,43.5433653,100,4300
69.1683396,43.5411917,150,4300
69.3485016,43.5387105,200,4300
69.5251012,43.5359796,249,4300
68.6261161,43.4116187,0,4350
68.8061196,43.4100586,50,4350
68.9860199,43.4081925,100,4350
69.1658658,43.4060203,150,4350
69.3457056,43.4035415,200,4350
69.5219894,43.400814,249,4350
68.6246759,43.2764807,0,4400
68.804359,43.2749224,50,4400
68.9839393,43.2730592,100,4400
69.1634653,43.2708909,150,4400
69.3429855,43.268417,200,4400
69.5189562,43.2656955,249,4400
68.6231236,43.1413526,0,4450
68.8024893,43.1397904,50,4450
68.9817522,43.1379243,100,4450
69.1609606,43.1357542,150,4450
69.340163,43.1332796,200,4450
69.515822,43.1305583,249,4450
68.6216175,43.0062208,0,4500
68.800668,43.0046578,50,4500
68.9796156,43.002792,100,4500
69.1585089,43.0006233,150,4500
69.3373959,42.9981511,200,4500
69.5127459,42.9954332,249,4500
68.6201888,42.8710698,0,4550
68.7989259,42.8695084,50,4550
68.9775605,42.8676452,100,4550
69.1561409,42.8654802,150,4550
69.3347153,42.8630127,200,4550
69.509759,42.8603004,249,4550
68.6187722,42.7359258,0,4600
68.7971982,42.7343658,50,4600
68.975522,42.7325051,100,4600
69.1537918,42.7303435,150,4600
69.3320559,42.7278807,200,4600
69.5067956,42.7251739,249,4600
68.6173128,42.6007476,0,4650
68.7954303,42.5991855,50,4650
68.9734456,42.5973237,100,4650
69.1514071,42.5951621,150,4650
69.329363,42.5927001,200,4650
69.5038007,42.5899953,249,4650
68.6158646,42.4656062,0,4700
68.7936757,42.464044,50,4700
68.9713849,42.4621831,100,4700
69.1490404,42.4600234,150,4700
69.3266902,42.4575645,200,4700
69.5008281,42.4548636,249,4700
68.6144601,42.3304966,0,4750
68.7919668,42.3289361,50,4750
68.9693719,42.3270781,100,4750
69.1467235,42.3249223,150,4750
69.3240698,42.3224682,200,4750
69.4979102,42.3197731,249,4750
68.6130328,42.1953971,0,4800
68.7902374,42.1938368,50,4800
68.9673407,42.1919799,100,4800
69.1443906,42.1898262,150,4800
69.3214353,42.1873754,200,4800
69.4949803,42.1846844,249,4800
68.6116347,42.0603085,0,4850
68.7885393,42.0587488,50,4850
68.9653428,42.0568935,100,4850
69.1420933,42.0547426,150,4850
69.3188387,42.0522955,200,4850
69.4920905,42.0496091,249,4850
68.610256,41.9252215,0,4900
68.7868627,41.9236646,50,4900
68.9633686,41.9218132,100,4900
69.1398218,41.919667,150,4900
69.3162702,41.9172257,200,4900
69.4892312,41.9145461,249,4900
68.6088696,41.7900457,0,4950
68.7851807,41.7884903,50,4950
68.9613915,41.7866413,100,4950
69.1375497,41.7844987,150,4950
69.3137033,41.7820619,200,4950
69.4863756,41.7793877,249,4950
68.6074571,41.6549985,0,5000
68.7834749,41.6534432,50,5000
68.9593924,41.6515953,100,5000
69.1352575,41.6494548,150,5000
69.3111182,41.6470212,200,5000
69.4835035,41.644351,249,5000
68.6060552,41.519969,0,5050
68.7817816,41.5184141,50,5050
68.957408,41.5165678,100,5050
69.1329822,41.5144298,150,5050
69.3085521,41.5119996,200,5050
69.4806524,41.5093339,249,5050
68.6045679,41.3850087,0,5100
68.7800055,41.3834518,50,5100
68.955343,41.3816044,100,5100
69.1306282,41.3794665,150,5100
69.3059089,41.3770374,200,5100
69.4777257,41.3743738,249,5100
68.6031567,41.2499559,0,5150
68.7783073,41.2483993,50,5150
68.9533579,41.2465532,100,5150
69.1283565,41.2444175,150,5150
69.3033506,41.2419917,200,5150
69.4748865,41.2393323,249,5150
68.6017536,41.1148977,0,5200
68.7766193,41.1133422,50,5200
68.9513852,41.1114983,100,5200
69.1260991,41.1093658,150,5200
69.3008087,41.1069443,200,5200
69.4720659,41.1042899,249,5200
68.6003324,40.9798232,0,5250
68.7749154,40.9782666,50,5250
68.9493987,40.9764225,100,5250
69.1238301,40.9742909,150,5250
69.2982572,40.9718711,200,5250
69.4692375,40.9692195,249,5250
68.5989371,40.8447936,0,5300
68.7732392,40.843237,50,5300
68.9474418,40.8413941,100,5300
69.1215926,40.8392645,150,5300
69.2957393,40.8368478,200,5300
69.4664448,40.8342002,249,5300
68.5975667,40.709753,0,5350
68.7715898,40.7081969,50,5350
68.9455137,40.7063553,100,5350
69.1193861,40.7042281,150,5350
69.2932544,40.7018148,200,5350
69.4636873,40.6991715,249,5350
68.5961446,40.5747102,0,5400
68.7698911,40.5731539,50,5400
68.9435386,40.5713131,100,5400
69.1171344,40.5691877,150,5400
69.2907263,40.5667772,200,5400
69.4608881,40.5641376,249,5400
68.5947488,40.4396888,0,5450
68.7682206,40.4381326,50,5450
68.9415935,40.4362929,100,5450
69.1149148,40.4341696,150,5450
69.2882322,40.4317622,200,5450
69.4581251,40.4291266,249,5450
68.5934118,40.304683,0,5500
68.7666105,40.3031281,50,5500
68.9397105,40.3012909,100,5500
69.1127593,40.299171,150,5500
69.2858044,40.2967679,200,5500
69.4554307,40.2941375,249,5500
68.5919877,40.169624,0,5550
68.7649159,40.1680675,50,5550
68.9377454,40.1662295,100,5550
69.1105237,40.1641098,150,5550
69.2832983,40.1617081,200,5550
69.4526593,40.1590798,249,5550
68.5906123,40.0346414,0,5600
68.7632715,40.0330858,50,5600
68.9358323,40.0312498,100,5600
69.108342,40.029133,150,5600
69.280848,40.0267352,200,5600
69.4499459,40.0241118,249,5600
68.5891994,39.8995657,0,5650
68.7615919,39.8980064,50,5650
68.933886,39.8961676,100,5650
69.1061291,39.8940491,150,5650
69.2783685,39.8916504,200,5650
69.4472051,39.8890271,249,5650
68.5878138,39.7645606,0,5700
68.7599414,39.763001,50,5700
68.9319707,39.7611627,100,5700
69.103949,39.7590458,150,5700
69.2759237,39.7566497,200,5700
69.4445009,39.7540299,249,5700
68.5864409,39.629631,0,5750
68.7583053,39.6280724,50,5750
68.9300715,39.6262361,100,5750
69.101787,39.6241222,150,5750
69.2734988,39.62173,200,5750
69.4418184,39.619115,249,5750
68.5851125,39.4947166,0,5800
68.7567153,39.4931606,50,5800
68.9282203,39.4913281,100,5800
69.0996746,39.4892189,150,5800
69.2711256,39.4868324,200,5800
69.4391897,39.484224,249,5800
68.583724,39.359732,0,5850
68.7550676,39.3581758,50,5850
68.9263135,39.3563439,100,5850
69.0975088,39.3542363,150,5850
69.2687007,39.3518525,200,5850
69.4365109,39.3492475,249,5850
68.5823825,39.2247692,0,5900
68.7534685,39.2232124,50,5900
68.9244569,39.221381,100,5900
69.0953949,39.2192747,150,5900
69.2663297,39.2168932,200,5900
69.4338881,39.2142915,249,5900
68.5810512,39.0898277,0,5950
68.7518813,39.0882716,50,5950
68.9226141,39.0864418,100,5950
69.0932967,39.0843382,150,5950
69.2639763,39.0819602,200,5950
69.4312847,39.079363,249,5950
68.579653,38.9548368,0,6000
68.7502296,38.9532783,50,6000
68.9207089,38.951447,100,6000
69.091138,38.9493428,150,6000
69.261564,38.9469653,200,6000
69.4286237,38.9443694,249,6000
68.5782893,38.8198867,0,6050
68.7486139,38.8183273,50,6050
68.9188414,38.8164962,100,6050
69.0890188,38.8143931,150,6050
69.2591931,38.8120177,200,6050
69.4260062,38.8094247,249,6050
68.5769768,38.6849868,0,6100
68.7470509,38.6834296,50,6100
68.9170282,38.6816015,100,6100
69.0869556,38.6795026,150,6100
69.2568801,38.6771322,200,6100
69.4234486,38.674545,249,6100
68.575602,38.5500347,0,6150
68.7454279,38.5484758,50,6150
68.915157,38.546647,100,6150
69.0848363,38.5445483,150,6150
69.2545127,38.542179,200,6150
69.420838,38.539594,249,6150
68.5742798,38.4151372,0,6200
68.7438589,38.4135792,50,6200
68.9133414,38.4117523,100,6200
69.0827743,38.4096564,150,6200
69.2522045,38.407291,200,6200
69.4182886,38.4047106,249,6200
68.5729597,38.2802761,0,6250
68.7422938,38.2787198,50,6250
68.9115314,38.2768956,100,6250
69.0807196,38.2748034,150,6250
69.2499053,38.2724425,200,6250
69.4157498,38.2698676,249,6250
68.5716169,38.1453527,0,6300
68.7407079,38.1437964,50,6300
68.9097026,38.1419732,100,6300
69.078648,38.1398829,150,6300
69.2475909,38.1375249,200,6300
69.4131976,38.1349537,249,6300
68.5702888,38.0104614,0,6350
68.7391383,38.008905,50,6350
68.9078918,38.0070826,100,6350
69.0765961,38.0049939,150,6350
69.245298,38.0026387,200,6350
69.4106686,38.000071,249,6350
68.5689445,37.8755311,0,6400
68.7375545,37.8739741,50,6400
68.9060686,37.8721521,100,6400
69.0745336,37.8700648,150,6400
69.2429962,37.8677118,200,6400
69.4081323,37.8651473,249,6400
68.5675739,37.7405582,0,6450
68.7359463,37.7389979,50,6450
68.9042229,37.7371734,100,6450
69.0724503,37.7350847,150,6450
69.2406754,37.7327311,200,6450
69.4055786,37.730167,249,6450
68.5662288,37.6057984,0,6500
68.7343649,37.604238,50,6500
68.9024052,37.6024144,100,6500
69.0703965,37.6003275,150,6500
69.2383854,37.5979767,200,6500
69.4030572,37.5954163,249,6500
68.5648732,37.470926,0,6550
68.732775,37.469364,50,6550
68.900581,37.4675398,100,6550
69.068338,37.4654532,150,6550
69.2360926,37.4631037,200,6550
69.4005348,37.4605454,249,6550
68.5636292,37.3361378,0,6600
68.7312975,37.3345813,50,6600
68.8988705,37.3327634,100,6600
69.0663949,37.3306841,150,6600
69.2339171,37.3283429,200,6600
69.3981319,37.3257935,249,6600
68.5622766,37.2011857,0,6650
68.7297141,37.1996269,50,6650
68.8970563,37.1978079,100,6650
69.0643499,37.1957283,150,6650
69.2316414,37.1933877,200,6650
69.3956299,37.1908399,249,6650
68.5609093,37.0662215,0,6700
68.7281177,37.0646591,50,6700
68.8952309,37.0628373,100,6700
69.0622954,37.0607559,150,6700
69.2293577,37.0584144,200,6700
69.3931216,37.0558667,249,6700
68.5596088,36.9313908,0,6750
68.7265892,36.9298301,50,6750
68.8934746,36.9280109,100,6750
69.0603115,36.925933,150,6750
69.2271464,36.923596,200,6750
69.3906874,36.9210535,249,6750
68.5583508,36.7965816,0,6800
68.7251046,36.7950234,50,6800
68.8917637,36.7932077,100,6800
69.0583746,36.7911342,150,6800
69.2249837,36.7888025,200,6800
69.3883038,36.7862662,249,6800
68.5570197,36.6617333,0,6850
68.7235491,36.6601733,50,6850
68.8899837,36.6583567,100,6850
69.0563703,36.6562833,150,6850
69.2227551,36.6539526,200,6850
69.3858553,36.6514181,249,6850
68.5557128,36.5269295,0,6900
68.722019,36.5253697,50,6900
68.8882308,36.5235542,100,6900
69.0543946,36.5214828,150,6900
69.2205567,36.5191551,200,6900
69.3834388,36.5166244,249,6900
68.554381,36.3920812,0,6950
68.7204661,36.3905197,50,6950
68.8864567,36.3887034,100,6950
69.0523993,36.3866321,150,6950
69.2183404,36.3843054,200,6950
69.3810057,36.3817766,249,6950
68.5530683,36.2572235,0,7000
68.7189337,36.2556609,50,7000
68.8847047,36.2538444,100,7000
69.0504279,36.2517739,150,7000
69.2161496,36.2494489,200,7000
69.3785999,36.2469227,249,7000
68.5517654,36.1224581,0,7050
68.7174125,36.120894,50,7050
68.8829654,36.119077,100,7050
69.0484705,36.1170068,150,7050
69.2139741,36.1146831,200,7050
69.3762109,36.112159,249,7050
68.550406,35.9876074,0,7100
68.7158368,35.9860393,50,7100
68.8811734,35.9842193,100,7100
69.0464622,35.982147,150,7100
69.2117494,35.9798221,200,7100
69.3737739,35.9772977,249,7100
68.549107,35.852761,0,7150
68.7143228,35.8511927,50,7150
68.8794445,35.8493733,100,7150
69.0445185,35.8473026,150,7150
69.2095911,35.8449801,200,7150
69.3714053,35.8424591,249,7150
68.5477752,35.7179106,0,7200
68.7127778,35.7163412,50,7200
68.8776863,35.7145215,100,7200
69.0425472,35.7124515,150,7200
69.2074066,35.7101307,200,7200
69.3690118,35.7076121,249,7200
68.5465161,35.5831388,0,7250
68.7113064,35.5815708,50,7250
68.876003,35.5797535,100,7250
69.0406521,35.5776868,150,7250
69.2052999,35.5753701,200,7250
69.366698,35.5728565,249,7250
68.5452211,35.4483064,0,7300
68.7098009,35.4467358,50,7300
68.8742872,35.4449169,100,7300
69.0387262,35.4428495,150,7300
69.2031639,35.440533,200,7300
69.3643562,35.4380204,249,7300
68.5439611,35.3135488,0,7350
68.7083319,35.3119802,50,7350
68.8726092,35.3101642,100,7350
69.0368395,35.3081006,150,7350
69.2010687,35.3057888,200,7350
69.3620568,35.3032818,249,7350
68.542683,35.178812,0,7400
68.7068462,35.1772467,50,7400
68.8709162,35.1754349,100,7400
69.0349392,35.1733763,150,7400
69.1989613,35.1710706,200,7400
69.3597466,35.1685703,249,7400
68.5413836,35.0440512,0,7450
68.705341,35.0424866,50,7450
68.8692052,35.0406764,100,7450
69.0330226,35.0386204,150,7450
69.196839,35.0363181,200,7450
69.3574227,35.033822,249,7450
68.5400917,34.9092986,0,7500
68.7038445,34.907733,50,7500
68.8675045,34.9059226,100,7500
69.0311176,34.9038674,150,7500
69.1947299,34.9015667,200,7500
69.3551135,34.8990732,249,7500
68.5387146,34.7745207,0,7550
68.702265,34.7729481,50,7550
68.8657224,34.7711317,100,7550
69.0291327,34.7690713,150,7550
69.192542,34.7667664,200,7550
69.3527266,34.7642696,249,7550
68.5373779,34.6397212,0,7600
68.7007272,34.6381464,50,7600
68.8639835,34.6363286,100,7600
69.0271926,34.6342677,150,7600
69.1904007,34.6319632,200,7600
69.3503879,34.6294676,249,7600
68.5361306,34.5050027,0,7650
68.6992797,34.5034298,50,7650
68.8623359,34.5016149,100,7650
69.0253452,34.4995577,150,7650
69.1883537,34.4972579,200,7650
69.3481454,34.4947678,249,7650
68.5348835,34.3703142,0,7700
68.6978336,34.3687433,50,7700
68.8606912,34.3669313,100,7700
69.0235021,34.364878,150,7700
69.1863123,34.3625829,200,7700
69.3459099,34.3600983,249,7700
68.5335575,34.2355241,0,7750
68.6963109,34.2339512,50,7750
68.8589717,34.2321382,100,7750
69.0215858,34.2300847,150,7750
69.1841991,34.2277903,200,7750
69.3436037,34.2253073,249,7750
68.532317,34.1007957,0,7800
68.6948745,34.0992235,50,7800
68.8573396,34.0974121,100,7800
69.0197582,34.0953611,150,7800
69.1821763,34.09307,200,7800
69.3413897,34.0905912,249,7800
68.5309891,33.9660363,0,7850
68.6933526,33.9644605,50,7850
68.8556237,33.9626462,100,7850
69.0178484,33.9605933,150,7850
69.1800723,33.9583013,200,7850
69.3390954,33.9558223,249,7850
68.5297947,33.8314532,0,7900
68.6919647,33.8298865,50,7900
68.8540427,33.8280822,100,7900
69.0160746,33.8260402,150,7900
69.178106,33.82376,200,7900
69.3369407,33.8212935,249,7900
68.5284649,33.6966844,0,7950
68.6904439,33.6951152,50,7950
68.8523308,33.6933094,100,7950
69.0141715,33.6912667,150,7950
69.1760118,33.6889867,200,7950
69.3346589,33.6865213,249,7950
68.5271998,33.5620156,0,8000
68.6889886,33.5604465,50,8000
68.8506854,33.5586417,100,8000
69.0123362,33.5566009,150,8000
69.1739867,33.5543236,200,8000
69.3324479,33.5518617,249,8000
68.5259514,33.4273202,0,8050
68.6875513,33.4257497,50,8050
68.8490595,33.4239443,100,8050
69.0105218,33.4219038,150,8050
69.1719839,33.4196278,200,8050
69.3302607,33.4171679,249,8050
68.5246564,33.2925978,0,8100
68.6860692,33.2910251,50,8100
68.8473903,33.2892184,100,8100
69.0086656,33.2871776,150,8100
69.1699407,33.284902,200,8100
69.3280341,33.2824436,249,8100
68.5233422,33.1578275,0,8150
68.6845695,33.1562515,50,8150
68.8457051,33.1544425,100,8150
69.0067948,33.1524001,150,8150
69.1678842,33.150124,200,8150
69.3257957,33.1476658,249,8150
68.5220581,33.0232027,0,8200
68.6831007,33.0216249,50,8200
68.8440518,33.0198149,100,8200
69.004957,33.0177724,150,8200
69.165862,33.0154971,200,8200
69.3235926,33.0130405,249,8200
68.5207829,32.8885495,0,8250
68.6816423,32.8869706,50,8250
68.8424102,32.8851604,100,8250
69.0031324,32.8831187,150,8250
69.1638544,32.8808449,200,8250
69.3214057,32.8783908,249,8250
68.5195108,32.7538511,0,8300
68.6801884,32.752272,50,8300
68.8407746,32.7504626,100,8300
69.0013152,32.7484224,150,8300
69.1618557,32.7461511,200,8300
69.3192291,32.7437003,249,8300
68.5182172,32.6191404,0,8350
68.6787145,32.6175586,50,8350
68.8391205,32.6157473,100,8350
68.9994808,32.6137063,150,8350
69.159841,32.6114349,200,8350
69.3170377,32.6089848,249,8350
68.5170152,32.4845306,0,8400
68.6773328,32.4829516,50,8400
68.8375594,32.481144,100,8400
68.9977407,32.4791074,150,8400
69.1579221,32.4768414,200,8400
69.3149439,32.4743974,249,8400
68.5157639,32.3499366,0,8450
68.6759035,32.3483586,50,8450
68.8359522,32.3465528,100,8450
68.9959556,32.3445189,150,8450
69.1559593,32.3422566,200,8450
69.3128071,32.339817,249,8450
68.5144481,32.2152096,0,8500
68.6744115,32.2136282,50,8500
68.834284,32.2118199,100,8500
68.9941113,32.2097844,150,8500
69.1539386,32.2075213,200,8500
69.3106135,32.2050818,249,8500
68.5131739,32.0805502,0,8550
68.6729622,32.0789673,50,8550
68.8326596,32.0771583,100,8550
68.9923118,32.075123,150,8550
69.1519642,32.072861,200,8550
69.3084675,32.0704234,249,8550
68.5118671,31.9458229,0,8600
68.6714818,31.9442336,50,8600
68.8310056,31.9424191,100,8600
68.9904842,31.9403791,150,8600
69.1499629,31.9381132,200,8600
69.3062959,31.9356728,249,8600
68.5106689,31.8112913,0,8650
68.6701103,31.8097057,50,8650
68.8294612,31.8078958,100,8650
68.9887671,31.8058614,150,8650
69.1480734,31.8036019,200,8650
69.3042377,31.8011685,249,8650
68.5094054,31.676656,0,8700
68.6686754,31.6750688,50,8700
68.827855,31.6732582,100,8700
68.9869897,31.6712239,150,8700
69.1461249,31.6689655,200,8700
69.3021215,31.666534,249,8700
68.5081701,31.5421828,0,8750
68.6672695,31.5405955,50,8750
68.8262787,31.5387857,100,8750
68.9852432,31.536753,150,8750
69.1442082,31.5344971,200,8750
69.3000383,31.5320689,249,8750
68.5069203,31.407574,0,8800
68.6658509,31.4059883,50,8800
68.8246913,31.4041808,100,8800
68.9834871,31.4021515,150,8800
69.1422836,31.3998997,200,8800
69.2979485,31.3974764,249,8800
68.5056287,31.2729085,0,8850
68.6643919,31.2713204,50,8850
68.8230651,31.2695114,100,8850
68.9816936,31.2674814,150,8850
69.1403227,31.2652298,200,8850
69.2958236,31.2628075,249,8850
68.5043303,31.1382457,0,8900
68.6629276,31.136655,50,8900
68.8214347,31.1348444,100,8900
68.9798971,31.1328135,150,8900
69.1383602,31.130562,200,8900
69.2936981,31.1281406,249,8900
68.5031466,31.003745,0,8950
68.6615781,31.002158,50,8950
68.8199198,31.000352,100,8950
68.9782172,30.9983266,150,8950
69.1365154,30.9960814,200,8950
69.2916921,30.9936671,249,8950
68.5018357,30.869112,0,9000
68.6601037,30.8675222,50,9000
68.8182819,30.8657142,100,9000
68.9764157,30.8636877,150,9000
69.1345501,30.8614422,200,9000
69.2895663,30.8590284,249,9000
68.5005806,30.7345006,0,9050
68.658686,30.7329095,50,9050
68.8167017,30.7311011,100,9050
68.974673,30.729075,150,9050
69.1326452,30.7268308,200,9050
69.2875022,30.7244191,249,9050
68.4993494,30.5999679,0,9100
68.6572932,30.5983774,50,9100
68.8151474,30.5965704,100,9100
68.9729574,30.5945466,150,9100
69.1307683,30.5923056,200,9100
69.2854675,30.5898979,249,9100
68.4981095,30.46542,0,9150
68.6558929,30.4638291,50,9150
68.8135869,30.4620226,100,9150
68.9712368,30.4600002,150,9150
69.1288877,30.4577614,200,9150
69.2834303,30.4553567,249,9150
68.4967991,30.3308068,0,9200
68.6544239,30.3292118,50,9200
68.8119592,30.3274021,100,9200
68.9694504,30.3253773,150,9200
69.1269425,30.323137,200,9200
69.2813292,30.3207317,249,9200
68.495513,30.1962415,0,9250
68.6529803,30.1946464,50,9250
68.810358,30.1928373,100,9250
68.9676916,30.190814,150,9250
69.125026,30.1885761,200,9250
69.2792581,30.1861739,249,9250
68.4942558,30.0616606,0,9300
68.6515665,30.0600637,50,9300
68.8087879,30.0582538,100,9300
68.965965,30.0562306,150,9300
69.1231431,30.0539935,200,9300
69.277222,30.0515929,249,9300
68.4929906,29.9270958,0,9350
68.650146,29.9254977,50,9350
68.807212,29.9236874,100,9350
68.9642339,29.9216647,150,9350
69.1212568,29.919429,200,9350
69.2751837,29.9170306,249,9350
68.4916888,29.7925001,0,9400
68.6486903,29.7908987,50,9400
68.8056025,29.789086,100,9400
68.9624704,29.7870616,150,9400
69.1193392,29.7848251,200,9400
69.273115,29.7824268,249,9400
68.490375,29.6580155,0,9450
68.6472237,29.6564114,50,9450
68.803983,29.6545968,100,9450
68.9606979,29.6525714,150,9450
69.1174135,29.6503348,200,9450
69.2710389,29.6479371,249,9450
68.489146,29.5235096,0,9500
68.6458427,29.5219054,50,9500
68.80245,29.5200915,100,9500
68.9590131,29.5180677,150,9500
69.115577,29.5158334,200,9500
69.269054,29.513439,249,9500
68.4879072,29.3890329,0,9550
68.644453,29.387431,50,9550
68.8009095,29.3856203,100,9550
68.957322,29.3836005,150,9550
69.1137354,29.3813711,200,9550
69.2670648,29.3789823,249,9550
68.4866677,29.2545046,0,9600
68.6430638,29.2529019,50,9600
68.7993709,29.2510913,100,9600
68.9556339,29.2490724,150,9600
69.111898,29.2468448,200,9600
69.2650812,29.2444586,249,9600
68.4853913,29.1199678,0,9650
68.6416391,29.1183608,50,9650
68.7977979,29.1165467,100,9650
68.9539127,29.1145252,150,9650
69.1100285,29.1122959,200,9650
69.2630663,29.1099087,249,9650
68.4841978,28.98553,0,9700
68.6402978,28.9839262,50,9700
68.7963091,28.9821162,100,9700
68.9522766,28.9800997,150,9700
69.1082454,28.9778762,200,9700
69.2611393,28.9754956,249,9700
68.4829264,28.8510234,0,9750
68.6388804,28.8494159,50,9750
68.7947456,28.8476029,100,9750
68.9505671,28.8455843,150,9750
69.1063898,28.8433595,200,9750
69.2591406,28.8409784,249,9750
68.4815869,28.7164474,0,9800
68.6373966,28.714837,50,9800
68.7931173,28.713022,100,9800
68.9487941,28.7110022,150,9800
69.1044719,28.708777,200,9800
69.2570804,28.7063964,249,9800
68.4803886,28.5819756,0,9850
68.636054,28.5803659,50,9850
68.7916307,28.5785525,100,9850
68.9471637,28.5765352,150,9850
69.1026979,28.5743133,200,9850
69.2551659,28.5719368,249,9850
68.4791397,28.4474808,0,9900
68.6346623,28.445871,50,9900
68.7900964,28.4440583,100,9900
68.9454868,28.4420425,150,9900
69.1008784,28.4398231,200,9900
69.2532067,28.4374498,249,9900
68.4778959,28.3131092,0,9950
68.6332766,28.3115024,50,9950
68.7885689,28.3096937,100,9950
68.9438175,28.3076826,150,9950
69.0990675,28.3054688,200,9950
69.2512569,28.3031018,249,9950
68.4766585,28.1785983,0,10000
68.6318987,28.1769897,50,10000
68.7870505,28.1751799,100,10000
68.9421588,28.1731687,150,10000
69.0972684,28.1709556,200,10000
69.2493205,28.16859,249,10000
68.4753773,28.0440587,0,10050
68.6304783,28.0424463,50,10050
68.7854909,28.0406336,100,10050
68.94046,28.0386203,150,10050
69.0954304,28.0364059,200,10050
69.247346,28.0340399,249,10050
68.4741604,27.9095615,0,10100
68.6291229,27.9079478,50,10100
68.7839971,27.9061346,100,10100
68.9388281,27.9041216,150,10100
69.0936605,27.9019084,200,10100
69.2454409,27.8995444,249,10100
68.4729491,27.7751096,0,10150
68.627774,27.7734963,50,10150
68.782511,27.7716843,100,10150
68.9372047,27.7696734,150,10150
69.0919002,27.7674631,200,10150
69.2435465,27.7651027,249,10150
68.4716784,27.6406242,0,10200
68.6263673,27.6390068,50,10200
68.7809681,27.6371916,100,10200
68.9355259,27.6351784,150,10200
69.0900853,27.6329665,200,10200
69.2415983,27.6306054,249,10200
68.4704301,27.5062128,0,10250
68.6249837,27.5045911,50,10250
68.7794493,27.5027724,100,10250
68.933872,27.5007564,150,10250
69.0882963,27.4985427,200,10250
69.239677,27.4961807,249,10250
68.4692093,27.3718075,0,10300
68.6236285,27.3701871,50,10300
68.7779601,27.3683706,100,10300
68.9322487,27.3663577,150,10300
69.0865392,27.3641478,200,10300
69.2377888,27.3617904,249,10300
68.4679652,27.2373387,0,10350
68.6222515,27.2357186,50,10350
68.7764502,27.2339032,100,10350
68.9306061,27.2318922,150,10350
69.0847639,27.2296851,200,10350
69.2358835,27.2273312,249,10350
68.4667437,27.1029257,0,10400
68.6208979,27.1013054,50,10400
68.7749646,27.0994906,100,10400
68.9289886,27.0974811,150,10400
69.0830147,27.0952763,200,10400
69.2340054,27.0929255,249,10400
68.4654942,26.9685134,0,10450
68.6195175,26.966891,50,10450
68.7734534,26.9650751,100,10450
68.9273466,26.9630652,150,10450
69.081242,26.960861,200,10450
69.2321045,26.9585114,249,10450
68.4641759,26.8340297,0,10500
68.6180698,26.8324019,50,10500
68.7718762,26.8305814,100,10500
68.9256399,26.8285677,150,10500
69.0794055,26.8263605,200,10500
69.2301407,26.8240089,249,10500
68.4629547,26.6996591,0,10550
68.6167196,26.6980308,50,10550
68.7703971,26.6962106,100,10550
68.924032,26.6941982,150,10550
69.077669,26.691993,200,10550
69.2282783,26.6896442,249,10550
68.4617105,26.5652289,0,10600
68.6153476,26.5635998,50,10600
68.7688975,26.5617796,100,10600
68.9224048,26.559768,150,10600
69.0759143,26.5575644,200,10600
69.2263987,26.555218,249,10600
68.4604709,26.430752,0,10650
68.6139814,26.4291187,50,10650
68.7674047,26.4272951,100,10650
68.9207856,26.4252809,150,10650
69.0741687,26.4230756,200,10650
69.2245294,26.4207283,249,10650
68.4592168,26.2963256,0,10700
68.6126016,26.2946907,50,10700
68.7658994,26.2928663,100,10700
68.9191548,26.2908522,150,10700
69.0724125,26.2886478,200,10700
69.2226502,26.2863022,249,10700
68.4580092,26.1619916,0,10750
68.6112691,26.1603597,50,10750
68.764442,26.1585391,100,10750
68.9175728,26.1565297,150,10750
69.070706,26.1543308,200,10750
69.2208219,26.1519913,249,10750
68.4566805,26.0275472,0,10800
68.6098174,26.0259115,50,10800
68.7628671,26.0240881,100,10800
68.9158745,26.0220765,150,10800
69.0688841,26.0198764,200,10800
69.2188786,26.0175365,249,10800
68.4554471,25.893287,0,10850
68.6084611,25.8916581,50,10850
68.761388,25.8898423,100,10850
68.9142727,25.8878393,150,10850
69.0671596,25.8856484,200,10850
69.217034,25.8833185,249,10850
68.4541645,25.7589306,0,10900
68.607057,25.7573,50,10900
68.7598626,25.7554834,100,10900
68.9126257,25.7534803,150,10900
69.065391,25.7512902,200,10900
69.2151461,25.7489619,249,10900
68.4528686,25.6244511,0,10950
68.605641,25.6228133,50,10950
68.7583262,25.6209902,100,10950
68.9109691,25.6189815,150,10950
69.063614,25.6167867,200,10950
69.213251,25.6144545,249,10950
68.451584,25.4900869,0,11000
68.604237,25.4884467,50,11000
68.7568028,25.4866222,100,11000
68.9093261,25.4846128,150,11000
69.0618515,25.4824181,200,11000
69.2113713,25.4800869,249,11000
68.4503491,25.3557161,0,11050
68.6028834,25.354075,50,11050
68.7553306,25.3522504,100,11050
68.9077355,25.3502417,150,11050
69.0601425,25.3480486,200,11050
69.2095463,25.3457197,249,11050
68.4491367,25.2213455,0,11100
68.601553,25.2197021,50,11100
68.7538826,25.2178758,100,11100
68.90617,25.2158665,150,11100
69.0584597,25.2136734,200,11100
69.2077487,25.2113454,249,11100
68.4479022,25.0871256,0,11150
68.6002015,25.085486,50,11150
68.7524142,25.0836644,100,11150
68.9045848,25.0816605,150,11150
69.0567578,25.0794737,200,11150
69.2059325,25.0771527,249,11150
68.4465962,24.9527297,0,11200
68.5987803,24.9510859,50,11200
68.7508777,24.949261,100,11200
68.9029328,24.9472545,150,11200
69.0549902,24.9450661,200,11200
69.2040515,24.9427442,249,11200
68.4453909,24.8184121,0,11250
68.59746,24.8167679,50,11250
68.7494425,24.8149434,100,11250
68.901383,24.8129382,150,11250
69.053326,24.8107519,200,11250
69.2022753,24.8084328,249,11250
68.4442119,24.6841072,0,11300
68.5961667,24.6824638,50,11300
68.7480353,24.6806409,100,11300
68.8998622,24.6786382,150,11300
69.0516918,24.6764552,200,11300
69.2005303,24.6741401,249,11300
68.4429029,24.5497035,0,11350
68.5947454,24.5480547,50,11350
68.7465016,24.5462271,100,11350
68.898216,24.5442206,150,11350
69.049933,24.5420346,200,11350
69.198661,24.5397173,249,11350
68.4416493,24.4153784,0,11400
68.5933801,24.4137288,50,11400
68.7450246,24.4119013,100,11400
68.8966273,24.4098957,150,11400
69.0482326,24.4077113,200,11400
69.1968512,24.4053966,249,11400
68.44039,24.281049,0,11450
68.59201,24.2793979,50,11450
68.7435438,24.2775697,100,11450
68.8950358,24.2755641,150,11450
69.0465305,24.2733807,200,11450
69.1950407,24.2710677,249,11450
68.4391234,24.1467009,0,11500
68.5906337,24.1450476,50,11500
68.7420577,24.1432181,100,11500
68.8934401,24.1412121,150,11500
69.0448251,24.139029,200,11500
69.1932278,24.1367171,249,11500
68.4378986,24.0124421,0,11550
68.5892996,24.010789,50,11550
68.7406146,24.0089604,100,11550
68.891888,24.0069561,150,11550
69.0431642,24.0047755,200,11550
69.1914604,24.0024669,249,11550
68.4366388,23.8781198,0,11600
68.5879319,23.8764645,50,11600
68.7391391,23.8746346,100,11600
68.8903047,23.8726298,150,11600
69.0414731,23.8704497,200,11600
69.1896637,23.8681422,249,11600
68.4354427,23.7438145,0,11650
68.5866283,23.7421584,50,11650
68.7377283,23.7403286,100,11650
68.888787,23.7383247,150,11650
69.0398487,23.7361461,200,11650
69.187935,23.7338411,249,11650
68.4341989,23.6095574,0,11700
68.5852784,23.6079022,50,11700
68.7362722,23.6060741,100,11700
68.8872248,23.6040727,150,11700
69.0381806,23.6018975,200,11700
69.186163,23.5995966,249,11700
68.4329202,23.4752754,0,11750
68.5838946,23.4736187,50,11750
68.7347834,23.4717898,100,11750
68.8856309,23.4697886,150,11750
69.0364816,23.4676144,200,11750
69.184361,23.4653152,249,11750
68.4316687,23.341001,0,11800
68.5825388,23.3393431,50,11800
68.7333234,23.337514,100,11800
68.8840668,23.3355132,150,11800
69.0348134,23.3333403,200,11800
69.1825908,23.3310431,249,11800
68.430363,23.2066628,0,11850
68.5811302,23.2049992,50,11850
68.7318118,23.2031651,100,11850
68.8824521,23.2011601,150,11850
69.0330955,23.1989839,200,11850
69.1807717,23.1966842,249,11850
68.4291438,23.0724538,0,11900
68.5798082,23.0707924,50,11900
68.7303872,23.0689613,100,11900
68.8809251,23.0669603,150,11900
69.0314662,23.0647887,200,11900
69.1790424,23.0624945,249,11900
68.4278917,22.9382249,0,11950
68.5784546,22.9365634,50,11950
68.7289321,22.9347331,100,11950
68.8793685,22.9327336,150,11950
69.0298082,22.9305644,200,11950
69.177285,22.9282733,249,11950
68.4265531,22.8038988,0,12000
68.577016,22.802228,50,12000
68.7273932,22.8003891,100,12000
68.8777293,22.7983819,150,12000
69.0280685,22.7962058,200,12000
69.1754466,22.7939087,249,12000
68.4253742,22.6696931,0,12050
68.5757367,22.6680242,50,12050
68.726014,22.6661881,100,12050
68.8762505,22.6641844,150,12050
69.0264903,22.6620127,200,12050
69.1737713,22.6597207,249,12050
68.4240813,22.5354389,0,12100
68.5743453,22.5337671,50,12100
68.724524,22.5319289,100,12100
68.8746618,22.5299241,150,12100
69.0248029,22.5277519,200,12100
69.1719871,22.5254603,249,12100
68.4228828,22.4012379,0,12150
68.5730485,22.399568,50,12150
68.7231291,22.3977325,100,12150
68.8731691,22.3957311,150,12150
69.0232126,22.3935633,200,12150
69.1703014,22.3912767,249,12150
68.4215133,22.2668707,0,12200
68.5715829,22.2651918,50,12200
68.7215672,22.2633482,100,12200
68.8715105,22.2613395,150,12200
69.0214572,22.2591652,200,12200
69.1684507,22.2568729,249,12200
68.4202331,22.1326018,0,12250
68.5702068,22.1309218,50,12250
68.7200953,22.1290779,100,12250
68.8699428,22.1270698,150,12250
69.0197935,22.1248968,200,12250
69.1666931,22.1226066,249,12250
68.4189289,21.9983703,0,12300
68.5688077,21.9966888,50,12300
68.7186012,21.9948441,100,12300
68.8683536,21.992836,150,12300
69.0181092,21.9906639,200,12300
69.1649154,21.9883754,249,12300
68.4177438,21.8641997,0,12350
68.5675277,21.8625222,50,12350
68.7172266,21.8606824,100,12350
68.8668847,21.8586799,150,12350
69.0165464,21.8565143,200,12350
69.1632607,21.8542329,249,12350
68.4163736,21.7298496,0,12400
68.5660649,21.7281596,50,12400
68.715671,21.7263081,100,12400
68.8652361,21.7242947,150,12400
69.0148044,21.722119,200,12400
69.1614271,21.7198286,249,12400
68.4151776,21.5957863,0,12450
68.5647757,21.5941023,50,12450
68.7142888,21.5922577,100,12450
68.8637611,21.590252,150,12450
69.0132369,21.5880848,200,12450
69.1597691,21.5858035,249,12450
68.413816,21.4614924,0,12500
68.5633232,21.4598028,50,12500
68.7127452,21.4579533,100,12500
68.8621262,21.4559436,150,12500
69.0115103,21.4537731,200,12500
69.1579525,21.4514894,249,12500
68.4125632,21.3272881,0,12550
68.5619795,21.3255972,50,12550
68.7113107,21.3237472,100,12550
68.860601,21.3217379,150,12550
69.0098946,21.3195686,200,12550
69.1562481,21.3172869,249,12550
68.4113328,21.1931057,0,12600
68.560659,21.1914164,50,12600
68.7099002,21.1895688,100,12600
68.8591006,21.1875627,150,12600
69.0083045,21.1853974,200,12600
69.1545703,21.1831204,249,12600
68.4100626,21.0589207,0,12650
68.5592997,21.0572302,50,12650
68.7084519,21.0553823,100,12650
68.8575634,21.0533766,150,12650
69.0066784,21.0512127,200,12650
69.152857,21.0489377,249,12650
68.4087786,20.9247156,0,12700
68.5579277,20.9230237,50,12700
68.7069918,20.9211753,100,12700
68.8560153,20.9191699,150,12700
69.0050422,20.917007,200,12700
69.1511345,20.9147338,249,12700
68.4075348,20.7905353,0,12750
68.5565963,20.7888429,50,12750
68.705573,20.7869948,100,12750
68.8545093,20.7849905,150,12750
69.0034491,20.7828296,200,12750
69.1494562,20.7805591,249,12750
68.4063006,20.6563894,0,12800
68.5552753,20.6546974,50,12800
68.7041654,20.6528504,100,12800
68.8530152,20.650848,150,12800
69.0018687,20.6486898,200,12800
69.1477914,20.6464229,249,12800
68.4049512,20.5221525,0,12850
68.5538408,20.5204538,50,12850
68.7026457,20.5186009,100,12850
68.8514101,20.5165935,150,12850
69.000178,20.5144311,200,12850
69.1460167,20.5121607,249,12850
68.4037477,20.3880691,0,12900
68.5525519,20.3863728,50,12900
68.7012717,20.3845231,100,12900
68.8499512,20.3825197,150,12900
68.9986345,20.380362,200,12900
69.1443905,20.3780972,249,12900
68.4024139,20.2538278,0,12950
68.5511347,20.2521258,50,12950
68.6997709,20.2502713,100,12950
68.8483667,20.2482638,150,12950
68.9969663,20.2461029,200,12950
69.14264,20.2438357,249,12950
68.4011701,20.119682,0,13000
68.5498076,20.1179799,50,13000
68.6983606,20.116126,100,13000
68.8468734,20.11412,150,13000
68.9953901,20.1119614,200,13000
69.1409827,20.1096971,249,13000
68.3998856,19.9855182,0,13050
68.5484409,19.9838137,50,13050
68.6969118,19.9819583,100,13050
68.8453424,19.9799515,150,13050
68.993777,19.977793,200,13050
69.1392891,19.9755297,249,13050
68.3985998,19.8513457,0,13100
68.5470738,19.8496395,50,13100
68.6954633,19.8477832,100,13100
68.8438127,19.8457764,150,13100
68.9921661,19.8436187,200,13100
69.1375986,19.8413568,249,13100
68.3973651,19.7172436,0,13150
68.545758,19.7155381,50,13150
68.6940668,19.7136833,100,13150
68.8423356,19.7116787,150,13150
68.9906085,19.709524,200,13150
69.1359624,19.707266,249,13150
68.3960691,19.5831213,0,13200
68.5443823,19.5814133,50,13200
68.6926114,19.5795568,100,13200
68.8408005,19.5775514,150,13200
68.9889937,19.5753967,200,13200
69.1342694,19.5731394,249,13200
68.3947966,19.4489806,0,13250
68.5430309,19.4472706,50,13250
68.691181,19.4454128,100,13250
68.8392913,19.443407,150,13250
68.9874057,19.4412526,200,13250
69.1326044,19.4389964,249,13250
68.3935292,19.314896,0,13300
68.5416851,19.3131877,50,13300
68.6897571,19.3113326,100,13300
68.8377893,19.3093302,150,13300
68.9858257,19.30718,200,13300
69.130948,19.3049288,249,13300
68.3924497,19.2048781,0,13341
68.5405424,19.2031671,50,13341
68.6885511,19.2013098,100,13341
68.83652,19.199306,150,13341
68.9844931,19.1971551,200,13341
69.1295532,19.1949037,249,13341
